{
  "simulation_setup": {
    "N": 5,
    "T": 10,
    "random_seed": 42
  },
  "market_state_setup": {
    "state_sequence": null,
    "initial_state": -1,
    "transition_matrix": [
      [
        1,
        0,
        0
      ],
      [
        0,
        1,
        0
      ],
      [
        0,
        0,
        1
      ]
    ],
    "resolved_state_sequence": [
      -1,
      -1,
      -1,
      -1,
      -1,
      -1,
      -1,
      -1,
      -1,
      -1
    ]
  },
  "factor_vector_ar_setup": {
    "X0": [
      0.001,
      0.0,
      0.0
    ],
    "Phi": [
      [
        0.6,
        0.05,
        0.02
      ],
      [
        0.04,
        0.55,
        0.03
      ],
      [
        0.02,
        0.04,
        0.25
      ]
    ],
    "mu_bear": [
      -0.03,
      -0.003,
      0.001
    ],
    "mu_neutral": [
      0.0003,
      0.0,
      0.0
    ],
    "mu_bull": [
      0.005,
      0.01,
      -0.01
    ],
    "Sigma_X_bear": [
      [
        0.004,
        0.00035,
        0.0002
      ],
      [
        0.00035,
        0.004,
        0.00018
      ],
      [
        0.0002,
        0.00018,
        0.0008
      ]
    ],
    "Sigma_X_neutral": [
      [
        0.0012,
        0.00015,
        8e-05
      ],
      [
        0.00015,
        0.00065,
        0.0001
      ],
      [
        8e-05,
        0.0001,
        0.00055
      ]
    ],
    "Sigma_X_bull": [
      [
        0.0009,
        0.00018,
        5e-05
      ],
      [
        0.00018,
        0.00055,
        6e-05
      ],
      [
        5e-05,
        6e-05,
        0.00045
      ]
    ]
  },
  "latent_characteristic_setup": {
    "use_shared_latent_state_params": false,
    "shared_params": {
      "Omega": [
        0.95,
        0.9
      ],
      "mu_X": [
        0,
        0
      ],
      "lambda_X": [
        0.05,
        0.02
      ],
      "sigma_X": [
        0.05,
        0.02
      ],
      "X0": [
        0.0,
        0.0
      ]
    },
    "per_stock_params": {
      "Omega_i": [
        [
          0.55,
          0.45
        ],
        [
          0.55,
          0.45
        ],
        [
          0.55,
          0.45
        ],
        [
          0.55,
          0.45
        ],
        [
          0.55,
          0.45
        ]
      ],
      "mu_i": [
        [
          0.08,
          0.05
        ],
        [
          0.065,
          0.04
        ],
        [
          0.05,
          0.030000000000000002
        ],
        [
          0.035,
          0.020000000000000004
        ],
        [
          0.02,
          0.01
        ]
      ],
      "lambda_i": [
        [
          0.08,
          0.03
        ],
        [
          0.08,
          0.03
        ],
        [
          0.08,
          0.03
        ],
        [
          0.08,
          0.03
        ],
        [
          0.08,
          0.03
        ]
      ],
      "sigma_X_i": [
        [
          0.35,
          0.3
        ],
        [
          0.35,
          0.3
        ],
        [
          0.35,
          0.3
        ],
        [
          0.35,
          0.3
        ],
        [
          0.35,
          0.3
        ]
      ],
      "X0_i": [
        [
          0.0,
          0.0
        ],
        [
          0.0,
          0.0
        ],
        [
          0.0,
          0.0
        ],
        [
          0.0,
          0.0
        ],
        [
          0.0,
          0.0
        ]
      ]
    }
  },
  "exposure_setup": {
    "a_mkt": [
      0.03,
      0.03
    ],
    "a_smb": [
      -0.712,
      0.0
    ],
    "a_hml": [
      0.0,
      0.834
    ],
    "b_mkt": 1.0,
    "b_smb": 0.03,
    "b_hml": -0.465
  },
  "alpha_setup": {
    "mu_alpha": 0.0,
    "sigma_alpha": 0.005
  },
  "epsilon_setup": {
    "use_shared_sigma_epsilon": true,
    "shared_sigma_epsilon": 0.03,
    "per_stock_sigma_epsilon_i": [
      0.02,
      0.022,
      0.024,
      0.026000000000000002,
      0.028
    ]
  },
  "clipping_price_setup": {
    "limit_up": 0.1,
    "limit_down": -0.1,
    "shared_init_price": true,
    "initial_price": 100.0,
    "per_stock_initial_price": [
      100.0,
      102.5,
      105.0,
      107.5,
      110.0
    ]
  },
  "output_setup": {
    "output_dir": "C:\\Users\\Yuan\\Desktop\\YUAN\\\u5be6\u7fd2\\\u5317\u4eac\u91cf\u5316\u5be6\u7fd2\\FactorMarketRL\\toy_ff_generator\\outputs"
  }
}