stock_id,t_0,t_1,t_2,t_3,t_4,t_5,t_6,t_7,t_8,t_9
stock_000,107.96241616814439,114.03019512426269,120.8266734337446,115.14568799622523,120.37240992213647,118.55629331221157,114.31459473228804,102.88313525905924,93.59785737921072,86.71538149349854
stock_001,103.45765963143074,107.39739552139469,113.55542169191692,109.68501291658515,113.23337674430111,111.75034544559254,108.08993476305626,97.28094128675063,91.03714322332851,82.30470867652288
stock_002,103.50617158656574,105.28677507460925,112.08638579857961,111.48551094100108,114.47203051023843,114.5611055690429,109.40318387403386,98.46286548663048,88.61657893796743,81.41327962343897
stock_003,103.96106261042652,108.05961775269219,116.63084482636548,113.57852111998778,115.84945484416491,113.78853178551623,108.82116511048595,97.93904859943736,88.14514373949362,79.70698635338279
stock_004,103.8590263698457,108.96241894386667,116.60921796690639,113.03839244140636,117.14353660478395,116.60076812370596,112.02943195139842,100.82648875625858,90.74383988063273,81.66945589256946
