stock_id,t_0,t_1,t_2,t_3,t_4,t_5,t_6,t_7,t_8,t_9
stock_000,103.06666164920975,107.61882721133703,113.6136514884413,110.73336423266014,119.5105175851973,119.78810442037357,115.9771550490975,104.37943954418776,93.94149558976899,85.09106665251659
stock_001,102.34646812816844,111.02308977057622,118.09254187984094,118.59056022976827,120.28720543308536,113.54684429114745,103.63238730309352,93.26914857278418,91.58243064244907,82.42418757820417
stock_002,105.71181390417588,104.10695363017447,112.93871843147835,109.54551097791395,111.22763150686318,108.58293649409623,100.91856942086392,90.82671247877752,81.74404123089977,73.5696371078098
stock_003,98.10198927323745,101.09304313135802,111.20234744449382,107.03432128272063,107.89392147923054,106.04939536868044,103.20086317872251,92.88077686085026,83.59269917476524,76.73680673380584
stock_004,103.99332527679992,111.63568129521137,118.87191519870747,110.32402642983618,107.62630224024544,111.06447486630337,109.78567214856803,98.80710493371123,88.9263944403401,83.44894353794417
