{
  "simulation_setup": {
    "N": 27,
    "T": 10,
    "random_seed": 42
  },
  "market_state_setup": {
    "state_sequence": null,
    "initial_state": -1,
    "transition_matrix": [
      [
        1,
        0,
        0
      ],
      [
        0,
        1,
        0
      ],
      [
        0,
        0,
        1
      ]
    ],
    "resolved_state_sequence": [
      -1,
      -1,
      -1,
      -1,
      -1,
      -1,
      -1,
      -1,
      -1,
      -1
    ]
  },
  "factor_vector_ar_setup": {
    "X0": [
      0.001,
      0.0,
      0.0
    ],
    "Phi": [
      [
        0.6,
        0.05,
        0.02
      ],
      [
        0.04,
        0.55,
        0.03
      ],
      [
        0.02,
        0.04,
        0.25
      ]
    ],
    "mu_bear": [
      -0.03,
      -0.003,
      0.001
    ],
    "mu_neutral": [
      0.0003,
      0.0,
      0.0
    ],
    "mu_bull": [
      0.005,
      0.01,
      -0.01
    ],
    "Sigma_X_bear": [
      [
        0.004,
        0.00035,
        0.0002
      ],
      [
        0.00035,
        0.004,
        0.00018
      ],
      [
        0.0002,
        0.00018,
        0.0008
      ]
    ],
    "Sigma_X_neutral": [
      [
        0.0012,
        0.00015,
        8e-05
      ],
      [
        0.00015,
        0.00065,
        0.0001
      ],
      [
        8e-05,
        0.0001,
        0.00055
      ]
    ],
    "Sigma_X_bull": [
      [
        0.0009,
        0.00018,
        5e-05
      ],
      [
        0.00018,
        0.00055,
        6e-05
      ],
      [
        5e-05,
        6e-05,
        0.00045
      ]
    ]
  },
  "latent_characteristic_setup": {
    "use_shared_latent_state_params": false,
    "shared_params": {
      "Omega": [
        0.95,
        0.9
      ],
      "mu_X": [
        0,
        0
      ],
      "lambda_X": [
        0.05,
        0.02
      ],
      "sigma_X": [
        0.05,
        0.02
      ],
      "X0": [
        0.0,
        0.0
      ]
    },
    "per_stock_params": {
      "Omega_i": [
        [
          0.55,
          0.45
        ],
        [
          0.55,
          0.45
        ],
        [
          0.55,
          0.45
        ],
        [
          0.55,
          0.45
        ],
        [
          0.55,
          0.45
        ],
        [
          0.55,
          0.45
        ],
        [
          0.55,
          0.45
        ],
        [
          0.55,
          0.45
        ],
        [
          0.55,
          0.45
        ],
        [
          0.55,
          0.45
        ],
        [
          0.55,
          0.45
        ],
        [
          0.55,
          0.45
        ],
        [
          0.55,
          0.45
        ],
        [
          0.55,
          0.45
        ],
        [
          0.55,
          0.45
        ],
        [
          0.55,
          0.45
        ],
        [
          0.55,
          0.45
        ],
        [
          0.55,
          0.45
        ],
        [
          0.55,
          0.45
        ],
        [
          0.55,
          0.45
        ],
        [
          0.55,
          0.45
        ],
        [
          0.55,
          0.45
        ],
        [
          0.55,
          0.45
        ],
        [
          0.55,
          0.45
        ],
        [
          0.55,
          0.45
        ],
        [
          0.55,
          0.45
        ],
        [
          0.55,
          0.45
        ]
      ],
      "mu_i": [
        [
          0.08,
          0.05
        ],
        [
          0.0776923076923077,
          0.048461538461538466
        ],
        [
          0.07538461538461538,
          0.04692307692307693
        ],
        [
          0.07307692307692308,
          0.045384615384615384
        ],
        [
          0.07076923076923078,
          0.04384615384615385
        ],
        [
          0.06846153846153846,
          0.04230769230769231
        ],
        [
          0.06615384615384616,
          0.04076923076923077
        ],
        [
          0.06384615384615386,
          0.039230769230769236
        ],
        [
          0.06153846153846154,
          0.03769230769230769
        ],
        [
          0.05923076923076923,
          0.036153846153846154
        ],
        [
          0.05692307692307692,
          0.03461538461538462
        ],
        [
          0.05461538461538462,
          0.03307692307692308
        ],
        [
          0.05230769230769231,
          0.03153846153846154
        ],
        [
          0.05,
          0.030000000000000002
        ],
        [
          0.0476923076923077,
          0.028461538461538465
        ],
        [
          0.04538461538461539,
          0.026923076923076925
        ],
        [
          0.04307692307692308,
          0.025384615384615387
        ],
        [
          0.04076923076923077,
          0.02384615384615385
        ],
        [
          0.038461538461538464,
          0.02230769230769231
        ],
        [
          0.03615384615384616,
          0.020769230769230772
        ],
        [
          0.03384615384615385,
          0.019230769230769232
        ],
        [
          0.03153846153846154,
          0.017692307692307695
        ],
        [
          0.02923076923076924,
          0.016153846153846158
        ],
        [
          0.02692307692307693,
          0.01461538461538462
        ],
        [
          0.024615384615384622,
          0.013076923076923083
        ],
        [
          0.022307692307692313,
          0.011538461538461539
        ],
        [
          0.02,
          0.01
        ]
      ],
      "lambda_i": [
        [
          0.08,
          0.03
        ],
        [
          0.08,
          0.03
        ],
        [
          0.08,
          0.03
        ],
        [
          0.08,
          0.03
        ],
        [
          0.08,
          0.03
        ],
        [
          0.08,
          0.03
        ],
        [
          0.08,
          0.03
        ],
        [
          0.08,
          0.03
        ],
        [
          0.08,
          0.03
        ],
        [
          0.08,
          0.03
        ],
        [
          0.08,
          0.03
        ],
        [
          0.08,
          0.03
        ],
        [
          0.08,
          0.03
        ],
        [
          0.08,
          0.03
        ],
        [
          0.08,
          0.03
        ],
        [
          0.08,
          0.03
        ],
        [
          0.08,
          0.03
        ],
        [
          0.08,
          0.03
        ],
        [
          0.08,
          0.03
        ],
        [
          0.08,
          0.03
        ],
        [
          0.08,
          0.03
        ],
        [
          0.08,
          0.03
        ],
        [
          0.08,
          0.03
        ],
        [
          0.08,
          0.03
        ],
        [
          0.08,
          0.03
        ],
        [
          0.08,
          0.03
        ],
        [
          0.08,
          0.03
        ]
      ],