stock_id,t_0,t_1,t_2,t_3,t_4,t_5,t_6,t_7,t_8,t_9
stock_000,101.03842062558377,102.28089461547302,103.99255490237037,96.8045722609701,99.97175321955733,95.40564920911376,87.86193952248168,79.07574557023351,71.16817101321016,64.05135391188914
stock_001,100.3567259386111,105.68897894775252,108.27561333491869,104.07757585876496,100.7323756234698,90.65913806112283,81.59322425501055,73.4339018295095,68.53178541817016,61.67860687635314
stock_002,103.71188822723396,98.85542411909114,103.45865016468814,95.9444241607845,93.01234585833836,86.34827178442293,77.71344460598064,69.94210014538258,62.94789013084433,56.653101117759896
stock_003,96.13111125937273,96.01498840619094,102.09448676784596,93.95915575931012,90.38641060045963,84.44465759725112,78.07317645104975,70.26585880594477,63.2392729253503,56.91534563281527
stock_004,102.02157469984405,106.28725850666989,109.00427823284154,98.1038504095574,91.17464172360837,89.73137478116983,84.22080795084486,75.79872715576037,68.21885444018434,61.39696899616591
