{
  "simulation_setup": {
    "N": 27,
    "T": 1,
    "random_seed": 11
  },
  "market_state_setup": {
    "state_sequence": [
      1
    ],
    "initial_state": 1,
    "transition_matrix": [
      [
        1,
        0,
        0
      ],
      [
        0,
        1,
        0
      ],
      [
        0,
        0,
        1
      ]
    ],
    "resolved_state_sequence": [
      1
    ]
  },
  "factor_vector_ar_setup": {
    "X0": [
      0.001,
      0.0,
      0.0
    ],
    "Phi": [
      [
        0.6,
        0.05,
        0.02
      ],
      [
        0.04,
        0.55,
        0.03
      ],
      [
        0.02,
        0.04,
        0.25
      ]
    ],
    "mu_bear": [
      -0.03,
      -0.003,
      0.001
    ],
    "mu_neutral": [
      0.0003,
      0.0,
      0.0
    ],
    "mu_bull": [
      0.005,
      0.01,
      -0.01
    ],
    "Sigma_X_bear": [
      [
        0.004,
        0.00035,
        0.0002
      ],
      [
        0.00035,
        0.004,
        0.00018
      ],
      [
        0.0002,
        0.00018,
        0.0008
      ]
    ],
    "Sigma_X_neutral": [
      [
        0.0012,
        0.00015,
        8e-05
      ],
      [
        0.00015,
        0.00065,
        0.0001
      ],
      [
        8e-05,
        0.0001,
        0.00055
      ]
    ],
    "Sigma_X_bull": [
      [
        0.0009,
        0.00018,
        5e-05
      ],
      [
        0.00018,
        0.00055,
        6e-05
      ],
      [
        5e-05,
        6e-05,
        0.00045
      ]
    ]
  },
  "mu_class_setup": {
    "class_centers": {
      "low": -0.5,
      "mid": 0.0,
      "high": 0.5
    }
  },
  "latent_characteristic_setup": {
    "use_shared_latent_state_params": false,
    "shared_params": {
      "Omega": [
        0.65,
        0.65,
        0.65
      ],
      "mu_Z": [
        0.0,
        0.0,
        0.0
      ],
      "lambda_Z": [
        0.05,
        0.03,
        0.03
      ],
      "sigma_Z": [
        0.05,
        0.05,
        0.05
      ],
      "Z0": [
        0.0,
        0.0,
        0.0
      ]
    },
    "per_stock_params": {
      "Omega_i": [
        [
          0.65,
          0.65,
          0.65
        ],
        [
          0.65,
          0.65,
          0.65
        ],
        [
          0.65,
          0.65,
          0.65
        ],
        [
          0.65,
          0.65,
          0.65
        ],
        [
          0.65,
          0.65,
          0.65
        ],
        [
          0.65,
          0.65,
          0.65
        ],
        [
          0.65,
          0.65,
          0.65
        ],
        [
          0.65,
          0.65,
          0.65
        ],
        [
          0.65,
          0.65,
          0.65
        ],
        [
          0.65,
          0.65,
          0.65
        ],
        [
          0.65,
          0.65,
          0.65
        ],
        [
          0.65,
          0.65,
          0.65
        ],
        [
          0.65,
          0.65,
          0.65
        ],
        [
          0.65,
          0.65,
          0.65
        ],
        [
          0.65,
          0.65,
          0.65
        ],
        [
          0.65,
          0.65,
          0.65
        ],
        [
          0.65,
          0.65,
          0.65
        ],
        [
          0.65,
          0.65,
          0.65
        ],
        [
          0.65,
          0.65,
          0.65
        ],
        [
          0.65,
          0.65,
          0.65
        ],
        [
          0.65,
          0.65,
          0.65
        ],
        [
          0.65,
          0.65,
          0.65
        ],
        [
          0.65,
          0.65,
          0.65
        ],
        [
          0.65,
          0.65,
          0.65
        ],
        [
          0.65,
          0.65,
          0.65
        ],
        [
          0.65,
          0.65,
          0.65
        ],
        [
          0.65,
          0.65,
          0.65
        ]
      ],
      "mu_i": [
        [
          -0.5,
          -0.5,
          -0.5
        ],
        [
          -0.5,
          -0.5,
          0.0
        ],
        [
          -0.5,
          -0.5,
          0.5
        ],
        [
          -0.5,
          0.0,
          -0.5
        ],
        [
          -0.5,
          0.0,
          0.0
        ],
        [
          -0.5,
          0.0,
          0.5
        ],
        [
          -0.5,
          0.5,
          -0.5
        ],
        [
          -0.5,
          0.5,
          0.0
        ],
        [
          -0.5,
          0.5,
          0.5
        ],
        [
          0.0,
          -0.5,
          -0.5
        ],
        [
          0.0,
          -0.5,
          0.0
        ],
        [
          0.0,
          -0.5,
          0.5
        ],
        [
          0.0,
          0.0,
          -0.5
        ],
        [
          0.0,
          0.0,
          0.0
        ],
        [
          0.0,
          0.0,
          0.5
        ],
        [
          0.0,
          0.5,
          -0.5
        ],
        [
          0.0,
          0.5,
          0.0
        ],
        [
          0.0,
          0.5,
          0.5
        ],
        [
          0.5,
          -0.5,
          -0.5
        ],
        [
          0.5,
          -0.5,
          0.0
        ],
        [
          0.5,
          -0.5,
          0.5
        ],
        [
          0.5,
          0.0,
          -0.5
        ],
        [
          0.5,
          0.0,
          0.0
        ],
        [
          0.5,
          0.0,
          0.5
        ],
        [
          0.5,
          0.5,
          -0.5
        ],
        [
          0.5,
          0.5,
          0.0
        ],
        [
          0.5,
          0.5,
          0.5
        ]
      ],
      "lambda_i": [
        [
          0.08,
          0.05,
          0.05
        ],
        [
          0.08,
          0.05,
          0.05
        ],
        [
          0.08,
          0.05,
          0.05
        ],
        [
          0.08,
          0.05,
          0.05
        ],
        [
          0.08,
          0.05,
          0.05
        ],
        [
          0.08,
          0.05,
          0.05
        ],
        [
          0.08,
          0.05,
          0.05
        ],
        [
          0.08,
          0.05,
          0.05
        ],
        [
          0.08,
          0.05,
          0.05
        ],
        [
          0.08,
          0.05,
          0.05
        ],
        [
          0.08,
          0.05,
          0.05
        ],
        [
          0.08,
          0.05,
          0.05
        ],
        [
          0.08,
          0.05,
          0.05
        ],
        [
          0.08,
          0.05,
          0.05
        ],
        [
          0.08,
          0.05,
          0.05
        ],
        [
          0.08,
          0.05,
          0.05
        ],
        [
          0.08,
          0.05,
          0.05
        ],
        [
          0.08,
          0.05,
          0.05
        ],
        [
          0.08,
          0.05,
          0.05
        ],
        [
          0.08,
          0.05,
          0.05
        ],
        [
          0.08,
          0.05,
          0.05
        ],
        [
          0.08,
          0.05,
          0.05
        ],
        [
          0.08,
          0.05,
          0.05
        ],
        [
          0.08,
          0.05,
          0.05
        ],
        [
          0.08,
          0.05,
          0.05
        ],
        [
          0.08,
          0.05,
          0.05
        ],
        [
          0.08,
          0.05,
          0.05
        ]
      ],