stock_id,t_0,t_1,t_2,t_3,t_4,t_5,t_6,t_7,t_8,t_9
stock_000,103.19957773675338,108.68281879955195,114.57596191356362,116.82595886367982,127.2592833512782,134.1771877253957,139.06627061515655,132.22648258215762,128.7483117418177,128.23031768723686
stock_001,104.39371264732134,114.83308391205348,121.87951906191604,127.38395382844061,131.5549059815332,132.08352789640892,132.48464196206228,125.19099340585461,134.7971228561466,131.36666739744976
stock_002,106.11169552594832,107.2967380304676,117.77369149761108,121.21933923362234,126.32450086661106,130.03278216042733,130.25432397549773,127.85842615832559,126.55567364372205,123.71515707278624
stock_003,99.172330199887,103.69154268867507,114.06069695754259,116.16556335843705,120.4741744905813,125.77040462671995,132.89483910395188,127.57329562325744,125.58716350150074,129.01979106673636
stock_004,105.59589925257113,115.55211694639381,122.4360151034558,118.71362796595804,120.23183448437209,131.63510347146212,142.38789595248167,137.7668546994944,137.35495235013985,143.49762308600032
