{
  "simulation_setup": {
    "N": 5,
    "T": 10,
    "random_seed": 424
  },
  "market_state_setup": {
    "state_sequence": null,
    "initial_state": 0,
    "transition_matrix": [
      [
        0.8,
        0.15,
        0.05
      ],
      [
        0.1,
        0.8,
        0.1
      ],
      [
        0.05,
        0.15,
        0.8
      ]
    ],
    "resolved_state_sequence": [
      0,
      0,
      0,
      0,
      0,
      0,
      0,
      0,
      0,
      0
    ]
  },
  "factor_vector_ar_setup": {
    "X0": [
      0.0,
      0.0,
      0.0
    ],
    "Phi": [
      [
        0.45,
        0.05,
        0.02
      ],
      [
        0.04,
        0.3,
        0.03
      ],
      [
        0.02,
        0.04,
        0.25
      ]
    ],
    "Delta": [
      0.015,
      0.004,
      0.003
    ],
    "Sigma_X_bear": [
      [
        0.0016,
        0.0003,
        0.0002
      ],
      [
        0.0003,
        0.0009,
        0.00015
      ],
      [
        0.0002,
        0.00015,
        0.0007
      ]
    ],
    "Sigma_X_neutral": [
      [
        0.0012,
        0.0002,
        0.0001
      ],
      [
        0.0002,
        0.0007,
        0.0001
      ],
      [
        0.0001,
        0.0001,
        0.0006
      ]
    ],
    "Sigma_X_bull": [
      [
        0.001,
        0.00025,
        0.00015
      ],
      [
        0.00025,
        0.0006,
        0.00012
      ],
      [
        0.00015,
        0.00012,
        0.00055
      ]
    ]
  },
  "characteristic_setup": {
    "use_shared_characteristic_params": true,
    "shared_params": {
      "Omega": [
        0.65,
        0.5,
        0.35
      ],
      "mu_C": [
        0.0,
        0.03,
        -0.02
      ],
      "Lambda_C": [
        0.2,
        0.05,
        -0.03
      ],
      "sigma_C": [
        0.45,
        0.35,
        0.25
      ],
      "C0": [
        0.0,
        0.0,
        0.0
      ]
    },
    "per_stock_params": {
      "Omega_i": [
        [
          0.55,
          0.45,
          0.35
        ],
        [
          0.55,
          0.45,
          0.35
        ],
        [
          0.55,
          0.45,
          0.35
        ],
        [
          0.55,
          0.45,
          0.35
        ],
        [
          0.55,
          0.45,
          0.35
        ]
      ],
      "mu_i": [
        [
          -0.05,
          0.0,
          0.04
        ],
        [
          -0.05,
          0.0,
          0.04
        ],
        [
          -0.05,
          0.0,
          0.04
        ],
        [
          -0.05,
          0.0,
          0.04
        ],
        [
          -0.05,
          0.0,
          0.04
        ]
      ],
      "Lambda_i": [
        [
          0.08,
          0.03,
          -0.02
        ],
        [
          0.08,
          0.03,
          -0.02
        ],
        [
          0.08,
          0.03,
          -0.02
        ],
        [
          0.08,
          0.03,
          -0.02
        ],
        [
          0.08,
          0.03,
          -0.02
        ]
      ],
      "sigma_C_i": [
        [
          0.35,
          0.3,
          0.25
        ],
        [
          0.35,
          0.3,
          0.25
        ],
        [
          0.35,
          0.3,
          0.25
        ],
        [
          0.35,
          0.3,
          0.25
        ],
        [
          0.35,
          0.3,
          0.25
        ]
      ],
      "C0_i": [
        [
          0.0,
          0.0,
          0.0
        ],
        [
          0.0,
          0.0,
          0.0
        ],
        [
          0.0,
          0.0,
          0.0
        ],
        [
          0.0,
          0.0,
          0.0
        ],
        [
          0.0,
          0.0,
          0.0
        ]
      ]
    }
  },
  "exposure_setup": {
    "a_mkt": [
      0.4,
      -0.1,
      0.2
    ],
    "a_smb": [
      0.15,
      0.25,
      -0.05
    ],
    "a_hml": [
      -0.2,
      0.1,
      0.3
    ],
    "b_mkt": 1.0,
    "b_smb": 0.1,
    "b_hml": 0.05
  },
  "alpha_setup": {
    "mu_alpha": 0.0,
    "sigma_alpha": 0.015
  },
  "epsilon_setup": {
    "use_shared_sigma_epsilon": true,
    "shared_sigma_epsilon": 0.03,
    "per_stock_sigma_epsilon_i": [
      0.02,
      0.022,
      0.024,
      0.026000000000000002,
      0.028
    ]
  },
  "clipping_price_setup": {
    "limit_up": 0.1,
    "limit_down": -0.1,
    "shared_init_price": true,
    "initial_price": 100.0,
    "per_stock_initial_price": [
      100.0,
      102.5,
      105.0,
      107.5,
      110.0
    ]
  },
  "output_setup": {
    "output_dir": "C:\\Users\\Yuan\\Desktop\\YUAN\\\u5be6\u7fd2\\\u5317\u4eac\u91cf\u5316\u5be6\u7fd2\\FactorMarketRL\\toy_ff_generator\\outputs"
  }
}