stock_id,t_0,t_1,t_2,t_3,t_4,t_5,t_6,t_7,t_8,t_9
stock_000,102.95507496262752,107.4648218997053,113.26133785804953,114.58499483452619,124.32956448674918,130.26572952444744,133.0880093164878,122.93857859572758,116.28712721438886,114.72574648437002
stock_001,103.60059735378529,112.87517687032604,119.81036798547007,124.24652423481537,127.27133539909968,125.78052256513584,122.56278575856827,112.43717099180984,118.67988022708019,114.57360352688596
stock_002,105.33638016245474,104.41024163411087,113.03749423659764,114.4388363848997,117.86127855216914,120.38336812619703,118.45221290944326,112.712311132004,107.17230521710954,102.22773355508633
stock_003,97.89672656574366,101.18538824776428,111.30392707254072,111.53611873176847,114.17266564144839,116.48451357052278,120.20611552467837,111.32036336442866,105.87465064494369,107.37337684050289
stock_004,104.39695927369894,112.55899513111505,119.63941351987926,115.35204503348322,114.79401883703707,122.96878062326319,129.17534905231003,120.4754512309034,115.68810578923498,119.73048385990472
