stock_id,t_0,t_1,t_2,t_3,t_4,t_5,t_6,t_7,t_8,t_9
stock_000,96.81735924767666,93.37424525849644,95.2592262912298,95.80349636146586,86.22314672531928,85.62709786609945,81.47654642483408,79.97644575099666,76.72265280632767,75.79308801679035
stock_001,94.21659478420328,93.76430329090141,88.8263071338393,84.55366928218291,76.09830235396463,68.48847211856817,62.91462192811118,61.488632154274946,55.33976893884745,51.12053563704324
stock_002,93.20919504689994,101.13430303871216,97.69958888807555,105.38241500366935,94.84417350330241,96.82664238377764,90.7669648141057,86.2077829295768,77.58700463661911,80.59875197110367
stock_003,95.64935772249055,98.96250402519685,97.47931742230405,99.1367942216743,90.98252654665556,93.19478137808984,98.21823372099892,99.4800342812473,97.25992690122109,101.04428384303225
stock_004,98.79765577324474,107.07907175687657,104.20574686895333,103.69367936113689,93.3243114250232,89.08460065800607,87.16624856591528,82.7315782775749,79.79118787061259,83.69980413729232
