stock_id,t_0,t_1,t_2,t_3,t_4,t_5,t_6,t_7,t_8,t_9
stock_000,102.31923903433402,100.8430191237032,107.278408673831,100.4369387035452,100.70551076124177,101.41701616302109,97.61455113834681,87.85309602451213,81.64397063513162,78.73134020279426
stock_001,99.56765860717434,101.25451999050323,103.69771578755714,94.58662934499897,92.6725755556174,93.38855935332377,93.73716285591865,84.36344657032679,79.19905452796202,74.69516910600957
stock_002,102.06400484176316,103.84780594394853,107.35312826550023,103.33392994246799,100.91705781664594,97.22550842189442,90.840651741676,81.7565865675084,73.58092791075757,66.22283511968182
stock_003,102.29448976220843,101.5120979841978,110.26843508629958,107.15600592692464,101.66206889166632,99.29106840844653,89.59371101309732,80.63433991178759,74.46058350193779,71.6986212171904
stock_004,102.88400730723566,102.14672308672476,99.80997827993698,95.32256172889687,92.6797632995628,92.55859482452705,87.51589007571796,78.76430106814617,70.88787096133156,63.799083865198405
