stock_id,t_0,t_1,t_2,t_3,t_4,t_5,t_6,t_7,t_8,t_9
stock_000,105.51590444069912,109.53187136521457,116.4998964378578,113.65489697296826,121.16034177156273,125.23000797091575,123.50719597984266,111.1564763818584,100.04082874367256,95.0956681951316
stock_001,103.70524318924106,109.63944093345924,114.61840195941797,111.9170229453924,109.63827876357885,104.0703512417404,94.90630147060288,85.4156713235426,83.50682100422041,75.53573910206349
stock_002,103.68166304163249,97.69001019091357,103.13332169793813,96.87825814742179,94.16286017199643,91.16957096731149,82.81672463213694,74.53505216892324,67.08154695203092,60.37339225682783
stock_003,94.89883996125498,92.70641076097557,98.50683055955062,90.40690848059948,86.20342423176184,82.33866486492781,77.7303075578946,69.95727680210514,62.96154912189463,58.53539667994238
stock_004,103.97137906144927,108.4966797772591,113.39729565521017,102.16457139743338,96.80874045736698,99.74433056765015,98.23887973078666,88.414991757708,79.5734925819372,77.4337502279601
