stock_id,t_0,t_1,t_2,t_3,t_4,t_5,t_6,t_7,t_8,t_9
stock_000,99.55014867992372,98.28438372273648,100.27321573700733,96.66909503829258,101.1974547659846,100.02605510443034,100.98161187581881,98.6798358880503,101.28586591849869,105.85267439119741
stock_001,101.88524512150488,104.60309942155223,107.78048395582795,106.58552394884944,112.70023524646327,108.85531661693481,112.67517353214323,109.34743021553052,111.7569596322924,109.09324179908415
stock_002,104.1496031099761,104.52395122700649,108.34874102768885,107.00506932138997,114.95666156588067,115.03483122193047,113.09363848842447,106.45702346225283,109.96727635576097,115.84687451183332
stock_003,105.44547111381257,108.06450180309132,114.42716819059285,108.6310598618145,108.2372905972356,105.4291486135246,105.01552938365423,94.5139764452888,98.38058829900325,98.44170651740106
stock_004,98.99159374341542,98.10945672756213,102.4552006324647,103.75432261408251,112.18665411533502,122.66300110697277,125.62404667826246,115.58220821150236,111.14824170831409,113.18727478110745
