stock_id,t_0,t_1,t_2,t_3
stock_000,104.81094229702363,104.55485780229716,115.01034358252689,122.63822387873911
stock_001,99.96672305120295,100.11508661490105,108.62334008562026,115.25925374860479
