stock_id,t_0,t_1,t_2,t_3,t_4,t_5,t_6,t_7,t_8,t_9
stock_000,-0.004498513200762826,-0.012714847481111947,0.020235483389522232,-0.03594300504102212,0.046843923861066894,-0.01157538659705507,0.009553078649266376,-0.022794011157190555,0.02640894167482051,0.04508830952162157
stock_001,0.018852451215048773,0.02667564176546008,0.030375625118628607,-0.011086979415199559,0.05736905980354586,-0.03411633188803935,0.03509113779578279,-0.029533953330574632,0.022035537662042446,-0.023834916787039775
stock_002,0.04149603109976088,0.0035943307113239474,0.03659247240257527,-0.012401359660981178,0.0743104256173891,0.0006799923987442355,-0.01687482576265069,-0.058682478651095105,0.0329734270163283,0.0534667980413642
stock_003,0.054454711138125715,0.024837773131592238,0.058878413182297515,-0.05065325324772694,-0.0036248312874771083,-0.02594431150499173,-0.0039231961493552065,-0.1,0.040910476938325786,0.0006212426603106171
stock_004,-0.010084062565845764,-0.008911231575276728,0.04429485240113155,0.012679902763336774,0.08127209824902265,0.09338318424995029,0.024139679810274678,-0.07993563917327384,-0.03836201584827499,0.018345167152030894
