stock_id,t_0,t_1,t_2,t_3,t_4,t_5,t_6,t_7,t_8,t_9
stock_000,0.055159044406991216,0.03806029949515778,0.06361641580476232,-0.02442061797374291,0.06603714400779019,0.033589094747075145,-0.013757181836746353,-0.1,-0.1,-0.049431423256314624
stock_001,0.03705243189241054,0.05722177164552309,0.045412134388577115,-0.023568458186862755,-0.020361014989877097,-0.05078452147032509,-0.08805629712780293,-0.1,-0.022347776347641415,-0.09545426117650985
stock_002,0.036816630416324936,-0.05778893465774207,0.05572024709984989,-0.06065026751331125,-0.028028971900932387,-0.03178842697872008,-0.09161879612408652,-0.1,-0.1,-0.1
stock_003,-0.051011600387450236,-0.023102802954962573,0.06256762343577538,-0.08222700936514715,-0.046495166348262784,-0.044833014480300123,-0.05596832684368845,-0.1,-0.1,-0.07029929383381499
stock_004,0.03971379061449261,0.04352448487900979,0.04516834881963122,-0.09905636808068526,-0.05242356393031318,0.03032360607538291,-0.015093096803556527,-0.1,-0.1,-0.02689013997687483
