stock_id,t_0,t_1,t_2,t_3
stock_000,0.04810942297023646,-0.0024432992311121966,0.1,0.066323428472664
stock_001,-0.00033276948797058767,0.0014841295099980202,0.08498472865979474,0.061091047814897756
