stock_id,t_0,t_1,t_2,t_3,t_4,t_5,t_6,t_7,t_8,t_9
stock_000,-0.0318264075232334,-0.03556298184473401,0.020187376374662905,0.005713568033526817,-0.1,-0.006912863678226303,-0.0484724058703454,-0.018411441570137424,-0.04068439043664847,-0.012115910432396423
stock_001,-0.057834052157967185,-0.004800550203897944,-0.05266392415610559,-0.04810104111632793,-0.1,-0.1,-0.08138377186758473,-0.0226654747359942,-0.1,-0.07624233679881495
stock_002,-0.0679080495310006,0.08502495904856334,-0.03396191052329563,0.07863724098568337,-0.1,0.020902379210528947,-0.06258275016553891,-0.05022952892460701,-0.1,0.038817677632873804
stock_003,-0.04350642277509456,0.03463845844442376,-0.01498735927816831,0.017003368952509833,-0.0822526866945629,0.02431516155247493,0.05390272146815828,0.012846907467636424,-0.022317115148448537,0.03890972430664694
stock_004,-0.012023442267552625,0.08382198867793911,-0.026833673852227118,-0.004914004488259169,-0.1,-0.045429863904469514,-0.021534048285800717,-0.05087600259619851,-0.03554133099089363,0.04898556308019668
