stock_id,t_0,t_1,t_2,t_3,t_4,t_5,t_6,t_7,t_8,t_9
stock_000,0.023192390343340134,-0.014427588834348689,0.06381591513274273,-0.06377303741600593,0.002674036675782274,0.007065208213542447,-0.0374933632297174,-0.1,-0.07067622736537449,-0.03567477683507042
stock_001,-0.004323413928256602,0.01694186050898393,0.024129251684597057,-0.08786197818690453,-0.020235986868716666,0.0077259512149490065,0.0037328287855472944,-0.1,-0.061215991668377906,-0.056867919052774836
stock_002,0.020640048417631653,0.017477279134312913,0.03375441868693588,-0.03743904241981826,-0.023388950049298057,-0.0365800338874189,-0.0656705918421363,-0.1,-0.1,-0.1
stock_003,0.022944897622084397,-0.007648425441383644,0.0862590496697731,-0.02822593026679903,-0.05127045365058601,-0.023322370959677992,-0.09766595878954488,-0.1,-0.07656485334416797,-0.03709294441233491
stock_004,0.028840073072356632,-0.007166169357198455,-0.022876356051126832,-0.04495959851282855,-0.027724794439015973,-0.0013073886976178728,-0.05448121547619715,-0.1,-0.1,-0.1
